cycle,SOH,resistance,T,c_rate,dod,condition,cond_id,stage,RUL,grade,battery_id,soh_t,capacity_Ah,q_ref_Ah,ccct_min,cvct_min,ce,phase_label,knee_cycle,rul_cycles,is_eol,reached_eol,chemistry,cell_format,rated_capacity_Ah,nominal_voltage_V,discharge_rate_C,soc_window,charging_strategy,v_upper_V,v_lower_V,eol_threshold_pct,batch_id,is_abnormal,source_id,source_ref
2189,0.6999635574620866,0.1751365974520241,10,0.5,0.7,T10_C0.5_D0.7,0,失效临界,,,SIM-NCM-01-01,0.6999751278867962,3.482299229566108,3.482356792107218,47.48379968428151,48.30491697743942,0.9965844109700306,3,1564,0,True,True,NCM,21700,4.9,3.6,1.0,15-85,CC-CV,4.2,2.5,70.0,2,False,SIM,Str24;Ver22;Sto19;SIM
2289,0.6989895417856958,0.1776428729237151,10,0.5,0.7,T10_C0.5_D0.7,1,失效临界,,,SIM-NCM-01-02,0.6999345702832588,3.506385026556992,3.511125632210488,47.66949454778195,49.41524857217622,0.9966568318158204,3,1747,0,True,True,NCM,21700,4.9,3.6,1.0,15-85,CC-CV,4.2,2.5,70.0,3,False,SIM,Str24;Ver22;Sto19;SIM
2243,0.7002536455198735,0.1747162155312616,10,0.5,0.7,T10_C0.5_D0.7,2,失效临界,,,SIM-NCM-01-03,0.6998534550762022,3.4907508164878296,3.4887558749021146,48.8239655684684,48.05165122122171,0.996772932921146,3,1662,0,True,True,NCM,21700,4.9,3.6,1.0,15-85,CC-CV,4.2,2.5,70.0,1,False,SIM,Str24;Ver22;Sto19;SIM
1684,0.6992416892270678,0.2316926818371594,10,0.5,0.8,T10_C0.5_D0.8,3,失效临界,,,SIM-NCM-02-01,0.6998367266719933,3.413443526302341,3.416348282619908,47.27725368088909,52.64475607437715,0.9966181459997367,3,1265,0,True,True,NCM,21700,4.9,3.6,1.0,10-90,CC-CV,4.2,2.5,70.0,2,False,SIM,Str24;Ver22;Sto19;SIM
1627,0.6990754046684513,0.2350877152863347,10,0.5,0.8,T10_C0.5_D0.8,4,失效临界,,,SIM-NCM-02-02,0.6997551162116017,3.416040122079876,3.4193615404667,44.8931702871399,52.3386248163091,0.9972055496270374,3,1160,0,True,True,NCM,21700,4.9,3.6,1.0,10-90,CC-CV,4.2,2.5,70.0,3,False,SIM,Str24;Ver22;Sto19;SIM
1701,0.6989524939196433,0.2431308738551047,10,0.5,0.8,T10_C0.5_D0.8,5,失效临界,,,SIM-NCM-02-03,0.6998095231851947,3.440728142178519,3.4449470336458305,49.05611850847814,53.73474033339831,0.9966021041285268,3,1296,0,True,True,NCM,21700,4.9,3.6,1.0,10-90,CC-CV,4.2,2.5,70.0,1,False,SIM,Str24;Ver22;Sto19;SIM
1296,0.6996051249849378,0.3020359266109564,10,0.5,0.9,T10_C0.5_D0.9,6,失效临界,,,SIM-NCM-03-01,0.6999513082772753,3.473865431663913,3.4755843930170007,44.9243996824462,53.20417383893387,0.9964896386767074,3,974,0,True,True,NCM,21700,4.9,3.6,1.0,5-95,CC-CV,4.2,2.5,70.0,2,False,SIM,Str24;Ver22;Sto19;SIM
1262,0.7004646014023062,0.2955657361287873,10,0.5,0.9,T10_C0.5_D0.9,7,失效临界,,,SIM-NCM-03-02,0.6998103079522157,3.4382337721170573,3.4350221696571004,43.86445831253579,47.17855896624411,0.9968811471500292,3,911,0,True,True,NCM,21700,4.9,3.6,1.0,5-95,CC-CV,4.2,2.5,70.0,3,False,SIM,Str24;Ver22;Sto19;SIM
1219,0.6990771987133739,0.3066270721303481,10,0.5,0.9,T10_C0.5_D0.9,8,失效临界,,,SIM-NCM-03-03,0.6999865583585354,3.418443114422318,3.4228898253481748,48.35635691735328,52.61292035232742,0.99637169296225,3,833,0,True,True,NCM,21700,4.9,3.6,1.0,5-95,CC-CV,4.2,2.5,70.0,1,False,SIM,Str24;Ver22;Sto19;SIM
1607,0.7014696335659939,0.1793136492839245,10,1.0,0.7,T10_C1.0_D0.7,9,失效临界,,,SIM-NCM-04-01,0.6998864844851053,3.447306499655746,3.4395262624860665,45.3970978323008,53.29032829488492,0.9963493770060484,3,1220,0,True,True,NCM,21700,4.9,3.6,1.0,15-85,CC-CV,4.2,2.5,70.0,2,False,SIM,Str24;Ver22;Sto19;SIM
1502,0.7008891918390973,0.1720786270368885,10,1.0,0.7,T10_C1.0_D0.7,10,失效临界,,,SIM-NCM-04-02,0.6999725838010185,3.419543375740462,3.41507136935021,49.253099643999846,45.8718532699555,0.9967561207095704,3,1028,0,True,True,NCM,21700,4.9,3.6,1.0,15-85,CC-CV,4.2,2.5,70.0,3,False,SIM,Str24;Ver22;Sto19;SIM
1587,0.6999477767084233,0.1703042449276447,10,1.0,0.7,T10_C1.0_D0.7,11,失效临界,,,SIM-NCM-04-03,0.6998290849411598,3.4071754338204263,3.4065976711828783,44.919364436056725,46.42543470073678,0.9967300275978832,3,1183,0,True,True,NCM,21700,4.9,3.6,1.0,15-85,CC-CV,4.2,2.5,70.0,1,False,SIM,Str24;Ver22;Sto19;SIM
1155,0.7005355591612641,0.2301602906418004,10,1.0,0.8,T10_C1.0_D0.8,12,失效临界,,,SIM-NCM-05-01,0.6996614999999603,3.447079396754962,3.442778471145872,42.60227041418419,52.85035003880925,0.9966646635017552,3,834,0,True,True,NCM,21700,4.9,3.6,1.0,10-90,CC-CV,4.2,2.5,70.0,2,False,SIM,Str24;Ver22;Sto19;SIM
1137,0.6987689208194124,0.2416355217192227,10,1.0,0.8,T10_C1.0_D0.8,13,失效临界,,,SIM-NCM-05-02,0.6998924999999613,3.525978486376644,3.531648051665424,47.93128118575768,51.40599582168816,0.9967113527417132,3,802,0,True,True,NCM,21700,4.9,3.6,1.0,10-90,CC-CV,4.2,2.5,70.0,3,False,SIM,Str24;Ver22;Sto19;SIM
1180,0.6988476557037366,0.2254639773280548,10,1.0,0.8,T10_C1.0_D0.8,14,失效临界,,,SIM-NCM-05-03,0.6996999999999589,3.3721408155884847,3.37625362181566,47.33392420549952,50.74385085810083,0.9960296168735684,3,880,0,True,True,NCM,21700,4.9,3.6,1.0,10-90,CC-CV,4.2,2.5,70.0,1,False,SIM,Str24;Ver22;Sto19;SIM
868,0.7010886773913466,0.2930215271312534,10,1.0,0.9,T10_C1.0_D0.9,15,失效临界,,,SIM-NCM-06-01,0.6997738878448237,3.453759470906976,3.447282448819771,45.39131694470712,49.72924523645229,0.997319974516248,3,605,0,True,True,NCM,21700,4.9,3.6,1.0,5-95,CC-CV,4.2,2.5,70.0,2,False,SIM,Str24;Ver22;Sto19;SIM
895,0.7002040782910233,0.3121815427801705,10,1.0,0.9,T10_C1.0_D0.9,16,失效临界,,,SIM-NCM-06-02,0.6996242237809388,3.505628250550804,3.502725162130178,45.17254004482619,51.9159305132766,0.99651888691106,3,654,0,True,True,NCM,21700,4.9,3.6,1.0,5-95,CC-CV,4.2,2.5,70.0,3,False,SIM,Str24;Ver22;Sto19;SIM
900,0.6989367228181815,0.2938532259871958,10,1.0,0.9,T10_C1.0_D0.9,17,失效临界,,,SIM-NCM-06-03,0.6995743357596437,3.3669497154399126,3.37002125345148,46.94654770845062,49.6792616757588,0.9966627822891492,3,663,0,True,True,NCM,21700,4.9,3.6,1.0,5-95,CC-CV,4.2,2.5,70.0,1,False,SIM,Str24;Ver22;Sto19;SIM
956,0.6984387755900121,0.1808967332740561,10,2.0,0.7,T10_C2.0_D0.7,18,失效临界,,,SIM-NCM-07-01,0.6997681813258226,3.4394537234753253,3.4460003667429198,47.11788570440164,49.95237348736642,0.9964807219314982,3,699,0,True,True,NCM,21700,4.9,3.6,1.0,15-85,CC-CV,4.2,2.5,70.0,2,False,SIM,Str24;Ver22;Sto19;SIM
917,0.6994585522499263,0.1723380879691257,10,2.0,0.7,T10_C2.0_D0.7,19,失效临界,,,SIM-NCM-07-02,0.6996279297755255,3.4840417786378954,3.484885457471547,48.72721154535225,50.67612979610175,0.9965808234961132,3,627,0,True,True,NCM,21700,4.9,3.6,1.0,15-85,CC-CV,4.2,2.5,70.0,3,False,SIM,Str24;Ver22;Sto19;SIM
975,0.6989540285105086,0.1753364960986461,10,2.0,0.7,T10_C2.0_D0.7,20,失效临界,,,SIM-NCM-07-03,0.6995344287419893,3.383353283843713,3.386162766225993,45.5386743741365,53.17770193817224,0.99644513504577,3,733,0,True,True,NCM,21700,4.9,3.6,1.0,15-85,CC-CV,4.2,2.5,70.0,1,False,SIM,Str24;Ver22;Sto19;SIM
721,0.6988508048407653,0.2413050257224035,10,2.0,0.8,T10_C2.0_D0.8,21,失效临界,,,SIM-NCM-08-01,0.6999106096277214,3.4107569781382843,3.4159293790964527,45.5804394579694,54.9391194164508,0.9966264333278736,3,541,0,True,True,NCM,21700,4.9,3.6,1.0,10-90,CC-CV,4.2,2.5,70.0,2,False,SIM,Str24;Ver22;Sto19;SIM
694,0.7006783347191183,0.2345357745946446,10,2.0,0.8,T10_C2.0_D0.8,22,失效临界,,,SIM-NCM-08-02,0.6993461781724737,3.4680810983586627,3.4614874494465337,45.10514304728457,47.40436183120941,0.996613307088261,3,490,0,True,True,NCM,21700,4.9,3.6,1.0,10-90,CC-CV,4.2,2.5,70.0,3,False,SIM,Str24;Ver22;Sto19;SIM
678,0.7006419011631758,0.2379521800893396,10,2.0,0.8,T10_C2.0_D0.8,23,失效临界,,,SIM-NCM-08-03,0.6998478950215798,3.454238558106204,3.450324023983822,49.23361421757133,50.96156162463661,0.9968183302705966,3,462,0,True,True,NCM,21700,4.9,3.6,1.0,10-90,CC-CV,4.2,2.5,70.0,1,False,SIM,Str24;Ver22;Sto19;SIM
523,0.7001006575528759,0.2823021559412544,10,2.0,0.9,T10_C2.0_D0.9,24,失效临界,,,SIM-NCM-09-01,0.6994002743722874,3.4375275398942025,3.4340886251527603,47.339892394209485,59.40363398506235,0.9962809961046354,3,359,0,True,True,NCM,21700,4.9,3.6,1.0,5-95,CC-CV,4.2,2.5,70.0,2,False,SIM,Str24;Ver22;Sto19;SIM
535,0.6993216321943719,0.2934917903553072,10,2.0,0.9,T10_C2.0_D0.9,25,失效临界,,,SIM-NCM-09-02,0.6998878651681152,3.3138574602315347,3.3165406538836173,46.26690565561476,51.2776767869608,0.9968728260513532,3,382,0,True,True,NCM,21700,4.9,3.6,1.0,5-95,CC-CV,4.2,2.5,70.0,3,False,SIM,Str24;Ver22;Sto19;SIM
545,0.6998781834758734,0.2978511507214572,10,2.0,0.9,T10_C2.0_D0.9,26,失效临界,,,SIM-NCM-09-03,0.6997253349028395,3.435799924542516,3.435049569512033,46.2978847321899,50.58609852245416,0.9964886584336212,3,400,0,True,True,NCM,21700,4.9,3.6,1.0,5-95,CC-CV,4.2,2.5,70.0,1,False,SIM,Str24;Ver22;Sto19;SIM
1178,0.7007851885163942,0.1789061664647694,23,0.5,0.7,T23_C0.5_D0.7,27,失效临界,,,SIM-NCM-10-01,0.6999474749753245,3.4195974256032766,3.415509663596634,43.935141466820056,48.10367536348471,0.9968848361570168,3,820,0,True,True,NCM,21700,4.9,3.6,1.0,15-85,CC-CV,4.2,2.5,70.0,2,False,SIM,Str24;Ver22;Sto19;SIM
1205,0.6996411579314963,0.1771096026794923,23,0.5,0.7,T23_C0.5_D0.7,28,失效临界,,,SIM-NCM-10-02,0.6996156400373518,3.46729496566692,3.467168503601476,47.854401652620815,51.27300343882426,0.996424977992429,3,868,0,True,True,NCM,21700,4.9,3.6,1.0,15-85,CC-CV,4.2,2.5,70.0,3,False,SIM,Str24;Ver22;Sto19;SIM
1220,0.6982340766505706,0.1796034111599158,23,0.5,0.7,T23_C0.5_D0.7,29,失效临界,,,SIM-NCM-10-03,0.6997262516833427,3.430259179599482,3.4375898832630574,49.50599210841448,55.85845846534653,0.9965340709027368,3,896,0,True,True,NCM,21700,4.9,3.6,1.0,15-85,CC-CV,4.2,2.5,70.0,1,False,SIM,Str24;Ver22;Sto19;SIM
888,0.6989362625560117,0.2296121651198518,23,0.5,0.8,T23_C0.5_D0.8,30,失效临界,,,SIM-NCM-11-01,0.6997724275214139,3.476370098371716,3.480529016772086,49.49934265969262,46.194148370533725,0.9966255005871748,3,633,0,True,True,NCM,21700,4.9,3.6,1.0,10-90,CC-CV,4.2,2.5,70.0,2,False,SIM,Str24;Ver22;Sto19;SIM
914,0.7017866575833401,0.2253598942357474,23,0.5,0.8,T23_C0.5_D0.8,31,失效临界,,,SIM-NCM-11-02,0.6995745839810651,3.3774888564678345,3.366842809181757,46.22477109477265,56.42513465454402,0.9965190235220492,3,680,0,True,True,NCM,21700,4.9,3.6,1.0,10-90,CC-CV,4.2,2.5,70.0,3,False,SIM,Str24;Ver22;Sto19;SIM
903,0.6992772670669469,0.2383361698096101,23,0.5,0.8,T23_C0.5_D0.8,32,失效临界,,,SIM-NCM-11-03,0.6996240448661524,3.370074337626649,3.371745587382648,46.47161088420201,50.89081132062855,0.9965702774811488,3,660,0,True,True,NCM,21700,4.9,3.6,1.0,10-90,CC-CV,4.2,2.5,70.0,1,False,SIM,Str24;Ver22;Sto19;SIM
675,0.7000837279866569,0.2959299104419857,23,0.5,0.9,T23_C0.5_D0.9,33,失效临界,,,SIM-NCM-12-01,0.6996052165703046,3.206391862815664,3.2042002747950877,50.283873154224665,53.149439921389735,0.9964185407852132,3,473,0,True,True,NCM,21700,4.9,3.6,1.0,5-95,CC-CV,4.2,2.5,70.0,2,True,SIM,Str24;Ver22;Sto19;SIM
689,0.6989516635770561,0.2982347894331318,23,0.5,0.9,T23_C0.5_D0.9,34,失效临界,,,SIM-NCM-12-02,0.6997333986839942,3.2668891221334904,3.270542939772576,47.40716283974485,48.56307705140801,0.9967819878861962,3,499,0,True,True,NCM,21700,4.9,3.6,1.0,5-95,CC-CV,4.2,2.5,70.0,3,False,SIM,Str24;Ver22;Sto19;SIM
669,0.7001837951921999,0.2873325708442548,23,0.5,0.9,T23_C0.5_D0.9,35,失效临界,,,SIM-NCM-12-03,0.6996052165703043,3.447516626211413,3.4446678607411867,49.04827614466456,46.54131588872704,0.9964956355602224,3,462,0,True,True,NCM,21700,4.9,3.6,1.0,5-95,CC-CV,4.2,2.5,70.0,1,False,SIM,Str24;Ver22;Sto19;SIM
850,0.6984910926875096,0.1773010571603035,23,1.0,0.7,T23_C1.0_D0.7,36,失效临界,,,SIM-NCM-13-01,0.6997482037656182,3.532464942719611,3.5388225052698177,47.242107006295306,48.70948922030276,0.996493265100822,3,616,0,True,True,NCM,21700,4.9,3.6,1.0,15-85,CC-CV,4.2,2.5,70.0,2,False,SIM,Str24;Ver22;Sto19;SIM
829,0.7010122649763925,0.1796125726620652,23,1.0,0.7,T23_C1.0_D0.7,37,失效临界,,,SIM-NCM-13-02,0.6999047479763765,3.407268552812245,3.4018854689000317,48.359785371970304,52.61509231597192,0.9964720708580376,3,578,0,True,True,NCM,21700,4.9,3.6,1.0,15-85,CC-CV,4.2,2.5,70.0,3,False,SIM,Str24;Ver22;Sto19;SIM
827,0.6997647643866832,0.1739472334756659,23,1.0,0.7,T23_C1.0_D0.7,38,失效临界,,,SIM-NCM-13-03,0.6994872967476877,3.445102365749209,3.443736328949171,48.67528430565549,49.66420854558531,0.9964087752844588,3,573,0,True,True,NCM,21700,4.9,3.6,1.0,15-85,CC-CV,4.2,2.5,70.0,1,False,SIM,Str24;Ver22;Sto19;SIM
605,0.7008823013124817,0.2353980061105274,23,1.0,0.8,T23_C1.0_D0.8,39,失效临界,,,SIM-NCM-14-01,0.699770000000005,3.485274852842119,3.4797437161792315,47.18642230113104,50.84235082173205,0.996538658734382,3,411,0,True,True,NCM,21700,4.9,3.6,1.0,10-90,CC-CV,4.2,2.5,70.0,2,False,SIM,Str24;Ver22;Sto19;SIM
628,0.6990241450492661,0.2368307190726284,23,1.0,0.8,T23_C1.0_D0.8,40,失效临界,,,SIM-NCM-14-02,0.6997000000000075,3.435263079480275,3.438584480573226,48.71011737184461,53.08536773464537,0.9967917997453885,3,453,0,True,True,NCM,21700,4.9,3.6,1.0,10-90,CC-CV,4.2,2.5,70.0,3,False,SIM,Str24;Ver22;Sto19;SIM
625,0.7010089999029971,0.2418150023095501,23,1.0,0.8,T23_C1.0_D0.8,41,失效临界,,,SIM-NCM-14-03,0.6999100000000072,3.425794923071052,3.4204241670769924,44.16109834888722,55.76382913810667,0.996928080812368,3,448,0,True,True,NCM,21700,4.9,3.6,1.0,10-90,CC-CV,4.2,2.5,70.0,1,False,SIM,Str24;Ver22;Sto19;SIM
489,0.699295171143194,0.2916553437431865,23,1.0,0.9,T23_C1.0_D0.9,42,失效临界,,,SIM-NCM-15-01,0.6994927008156452,3.4688170967453704,3.469796932347257,48.66097570328972,52.90702243882259,0.9968020595813084,3,361,0,True,True,NCM,21700,4.9,3.6,1.0,5-95,CC-CV,4.2,2.5,70.0,2,False,SIM,Str24;Ver22;Sto19;SIM
491,0.6995958842931586,0.3010102278529293,23,1.0,0.9,T23_C1.0_D0.9,43,失效临界,,,SIM-NCM-15-02,0.6996741118021735,3.4729198277802342,3.473308163208208,45.27822883164535,48.97512385000043,0.9966847680089724,3,365,0,True,True,NCM,21700,4.9,3.6,1.0,5-95,CC-CV,4.2,2.5,70.0,3,False,SIM,Str24;Ver22;Sto19;SIM
490,0.6997561396278755,0.2828000317471031,23,1.0,0.9,T23_C1.0_D0.9,44,失效临界,,,SIM-NCM-15-03,0.6990391733493241,3.446880743346551,3.443349088361027,44.888753876208725,58.9450409636558,0.9964869536817212,3,362,0,True,True,NCM,21700,4.9,3.6,1.0,5-95,CC-CV,4.2,2.5,70.0,1,False,SIM,Str24;Ver22;Sto19;SIM
510,0.7007171297875462,0.1762899539494096,23,2.0,0.7,T23_C2.0_D0.7,45,失效临界,,,SIM-NCM-16-01,0.6997766814198437,3.388269601343167,3.3837221277900587,45.83813673497139,52.61338370163073,0.99660825296887,3,363,0,True,True,NCM,21700,4.9,3.6,1.0,15-85,CC-CV,4.2,2.5,70.0,2,False,SIM,Str24;Ver22;Sto19;SIM
517,0.7000973724733724,0.1735936101152705,23,2.0,0.7,T23_C2.0_D0.7,46,失效临界,,,SIM-NCM-16-02,0.6998616823594195,3.4088400405844266,3.4076924432226847,45.7665129556761,53.29934791636676,0.996709529776819,3,376,0,True,True,NCM,21700,4.9,3.6,1.0,15-85,CC-CV,4.2,2.5,70.0,3,False,SIM,Str24;Ver22;Sto19;SIM
504,0.700030469517088,0.1770682083637261,23,2.0,0.7,T23_C2.0_D0.7,47,失效临界,,,SIM-NCM-16-03,0.6992666757823912,3.374595590299853,3.370913614898433,48.69482889563909,49.15001263839848,0.9967193718657534,3,351,0,True,True,NCM,21700,4.9,3.6,1.0,15-85,CC-CV,4.2,2.5,70.0,1,False,SIM,Str24;Ver22;Sto19;SIM
388,0.6987948906666398,0.2333302394892148,23,2.0,0.8,T23_C2.0_D0.8,48,失效临界,,,SIM-NCM-17-01,0.6989698905356114,3.595260769858198,3.59616113443162,52.59567435361489,54.55981793982933,0.9970290551826072,3,288,0,True,True,NCM,21700,4.9,3.6,1.0,10-90,CC-CV,4.2,2.5,70.0,2,False,SIM,Str24;Ver22;Sto19;SIM
390,0.6991010275570877,0.2424970196474591,23,2.0,0.8,T23_C2.0_D0.8,49,失效临界,,,SIM-NCM-17-02,0.699197943648842,3.466264501546476,3.4667450283877117,48.88343589684977,49.61890870670675,0.9962294318038096,3,292,0,True,True,NCM,21700,4.9,3.6,1.0,10-90,CC-CV,4.2,2.5,70.0,3,False,SIM,Str24;Ver22;Sto19;SIM
368,0.7000746258373448,0.2411306507029002,23,2.0,0.8,T23_C2.0_D0.8,50,失效临界,,,SIM-NCM-17-03,0.6994259967620726,3.3439455888818506,3.340847375841373,46.61063102792313,53.287426253838944,0.9967420784775056,3,252,0,True,True,NCM,21700,4.9,3.6,1.0,10-90,CC-CV,4.2,2.5,70.0,1,False,SIM,Str24;Ver22;Sto19;SIM
279,0.6981659867667632,0.2954884360558786,23,2.0,0.9,T23_C2.0_D0.9,51,失效临界,,,SIM-NCM-18-01,0.6993190092396452,3.4757849725979666,3.481525238179896,44.63855875756902,47.04048008986023,0.9969260461923648,3,189,0,True,True,NCM,21700,4.9,3.6,1.0,5-95,CC-CV,4.2,2.5,70.0,2,False,SIM,Str24;Ver22;Sto19;SIM
297,0.700296343601758,0.2918729246459791,23,2.0,0.9,T23_C2.0_D0.9,52,失效临界,,,SIM-NCM-18-02,0.6984324805199605,3.328049247695446,3.319191528839911,50.49424024861448,48.58433897071023,0.9964939187882424,3,221,0,True,True,NCM,21700,4.9,3.6,1.0,5-95,CC-CV,4.2,2.5,70.0,3,False,SIM,Str24;Ver22;Sto19;SIM
292,0.7011808353277068,0.3030971949022613,23,2.0,0.9,T23_C2.0_D0.9,53,失效临界,,,SIM-NCM-18-03,0.6994667640262611,3.3806607450063497,3.3723965522746253,44.51738479434545,49.83683984441576,0.997127209775626,3,213,0,True,True,NCM,21700,4.9,3.6,1.0,5-95,CC-CV,4.2,2.5,70.0,1,False,SIM,Str24;Ver22;Sto19;SIM
627,0.6991463537091352,0.1791135190500515,35,0.5,0.7,T35_C0.5_D0.7,54,失效临界,,,SIM-NCM-19-01,0.6993981038002711,3.5331895462202194,3.534461784551353,52.87469432046559,49.29283235753435,0.9967892566640196,3,451,0,True,True,NCM,21700,4.9,3.6,1.0,15-85,CC-CV,4.2,2.5,70.0,2,False,SIM,Str24;Ver22;Sto19;SIM
615,0.7002674144156666,0.1698011570249666,35,0.5,0.7,T35_C0.5_D0.7,55,失效临界,,,SIM-NCM-19-02,0.6993981038002705,3.4357882535226243,3.431523072622363,48.7472428433388,45.64198274723682,0.9970099601634032,3,429,0,True,True,NCM,21700,4.9,3.6,1.0,15-85,CC-CV,4.2,2.5,70.0,3,False,SIM,Str24;Ver22;Sto19;SIM
605,0.6987756057579733,0.1786231556082813,35,0.5,0.7,T35_C0.5_D0.7,56,失效临界,,,SIM-NCM-19-03,0.6995382118851917,3.3936894730967038,3.39739316332964,46.40720556601432,48.48130800678222,0.996834307865534,3,411,0,True,True,NCM,21700,4.9,3.6,1.0,15-85,CC-CV,4.2,2.5,70.0,1,False,SIM,Str24;Ver22;Sto19;SIM
458,0.6989153094687639,0.2325289488014827,35,0.5,0.8,T35_C0.5_D0.8,57,失效临界,,,SIM-NCM-20-01,0.6992778186705462,3.4913557901200667,3.493166665605934,46.62653868569527,49.50606088242024,0.9969401123335152,3,323,0,True,True,NCM,21700,4.9,3.6,1.0,10-90,CC-CV,4.2,2.5,70.0,2,False,SIM,Str24;Ver22;Sto19;SIM
450,0.6985629038293949,0.2371037625426225,35,0.5,0.8,T35_C0.5_D0.8,58,失效临界,,,SIM-NCM-20-02,0.6996537213972072,3.3317173517761924,3.3369198837148053,47.43136799532418,47.09749400281044,0.9969275152182068,3,309,0,True,True,NCM,21700,4.9,3.6,1.0,10-90,CC-CV,4.2,2.5,70.0,3,False,SIM,Str24;Ver22;Sto19;SIM
450,0.69797442143392,0.2327914674678715,35,0.5,0.8,T35_C0.5_D0.8,59,失效临界,,,SIM-NCM-20-03,0.6996537213972072,3.4276304795353165,3.4358772283583185,47.37254189953595,51.018135703588754,0.997040224518165,3,309,0,True,True,NCM,21700,4.9,3.6,1.0,10-90,CC-CV,4.2,2.5,70.0,1,False,SIM,Str24;Ver22;Sto19;SIM
355,0.6989703496395774,0.2927566185297038,35,0.5,0.9,T35_C0.5_D0.9,60,失效临界,,,SIM-NCM-21-01,0.6993424432371991,3.4554706629776697,3.457310166629186,46.865441005012336,44.99291687066203,0.9967400667278824,3,256,0,True,True,NCM,21700,4.9,3.6,1.0,5-95,CC-CV,4.2,2.5,70.0,2,False,SIM,Str24;Ver22;Sto19;SIM
340,0.6997016224837634,0.2909973024115639,35,0.5,0.9,T35_C0.5_D0.9,61,失效临界,,,SIM-NCM-21-02,0.699707762261213,3.433565543734605,3.433595672760492,46.61520869681975,49.98457015476612,0.9967456651121672,3,229,0,True,True,NCM,21700,4.9,3.6,1.0,5-95,CC-CV,4.2,2.5,70.0,3,False,SIM,Str24;Ver22;Sto19;SIM
348,0.7014284998252984,0.2894957219689869,35,0.5,0.9,T35_C0.5_D0.9,62,失效临界,,,SIM-NCM-21-03,0.6992206702291951,3.489190844142932,3.47820820113075,45.83990802550935,51.81732601615671,0.996697332275047,3,243,0,True,True,NCM,21700,4.9,3.6,1.0,5-95,CC-CV,4.2,2.5,70.0,1,False,SIM,Str24;Ver22;Sto19;SIM
445,0.6984950565633782,0.1746853336188498,35,1.0,0.7,T35_C1.0_D0.7,63,失效临界,,,SIM-NCM-22-01,0.6992942255544171,3.447681602304409,3.4516261974760534,48.11699194940885,51.22269974835781,0.9964977398977446,3,327,0,True,True,NCM,21700,4.9,3.6,1.0,15-85,CC-CV,4.2,2.5,70.0,2,False,SIM,Str24;Ver22;Sto19;SIM
425,0.6988806100800354,0.1832432801790396,35,1.0,0.7,T35_C1.0_D0.7,64,失效临界,,,SIM-NCM-22-02,0.6990959362207896,3.461624047099529,3.462690578544318,44.309743687178745,45.75189158025317,0.9966207212369378,3,290,0,True,True,NCM,21700,4.9,3.6,1.0,15-85,CC-CV,4.2,2.5,70.0,3,False,SIM,Str24;Ver22;Sto19;SIM
431,0.7014131934297057,0.1771494138465656,35,1.0,0.7,T35_C1.0_D0.7,65,失效临界,,,SIM-NCM-22-03,0.6996908042216712,3.46579093404824,3.457280342918753,46.4351392229613,54.451909893089066,0.9966084567631002,3,302,0,True,True,NCM,21700,4.9,3.6,1.0,15-85,CC-CV,4.2,2.5,70.0,1,False,SIM,Str24;Ver22;Sto19;SIM
321,0.6992724249616411,0.2376278426345561,35,1.0,0.8,T35_C1.0_D0.8,66,失效临界,,,SIM-NCM-23-01,0.6998189999999952,3.4787700241497643,3.4814891487591453,47.602686002135385,49.08611392908264,0.9968674629691482,3,229,0,True,True,NCM,21700,4.9,3.6,1.0,10-90,CC-CV,4.2,2.5,70.0,2,False,SIM,Str24;Ver22;Sto19;SIM
318,0.6992531269717487,0.2332691692314683,35,1.0,0.8,T35_C1.0_D0.8,67,失效临界,,,SIM-NCM-23-02,0.6994199999999954,3.46413138216581,3.4649580786390746,47.51183482876268,48.32512301327833,0.9965484359191557,3,223,0,True,True,NCM,21700,4.9,3.6,1.0,10-90,CC-CV,4.2,2.5,70.0,3,False,SIM,Str24;Ver22;Sto19;SIM
319,0.6987949529086727,0.2325427203653829,35,1.0,0.8,T35_C1.0_D0.8,68,失效临界,,,SIM-NCM-23-03,0.6987549999999954,3.444634442889083,3.444437499329673,49.81846264237448,51.08544920108242,0.996781808257958,3,224,0,True,True,NCM,21700,4.9,3.6,1.0,10-90,CC-CV,4.2,2.5,70.0,1,False,SIM,Str24;Ver22;Sto19;SIM
241,0.7002786148487689,0.2959847009074133,35,1.0,0.9,T35_C1.0_D0.9,69,失效临界,,,SIM-NCM-24-01,0.6985765753336953,3.5283300581477195,3.519754389758237,46.675725634734334,51.17446429242892,0.9965709146450064,3,167,0,True,True,NCM,21700,4.9,3.6,1.0,5-95,CC-CV,4.2,2.5,70.0,2,False,SIM,Str24;Ver22;Sto19;SIM
245,0.6985169350069721,0.2951122056078131,35,1.0,0.9,T35_C1.0_D0.9,70,失效临界,,,SIM-NCM-24-02,0.6992659370825035,3.4050606856228245,3.408711846236155,47.74322472158708,54.95823684706311,0.996444729930668,3,175,0,True,True,NCM,21700,4.9,3.6,1.0,5-95,CC-CV,4.2,2.5,70.0,3,False,SIM,Str24;Ver22;Sto19;SIM
235,0.7009833036107266,0.3007113098625736,35,1.0,0.9,T35_C1.0_D0.9,71,失效临界,,,SIM-NCM-24-03,0.6996106179569072,3.441522321883349,3.434783033951361,48.15113664171146,51.257811483343,0.9966912865127048,3,157,0,True,True,NCM,21700,4.9,3.6,1.0,5-95,CC-CV,4.2,2.5,70.0,1,False,SIM,Str24;Ver22;Sto19;SIM
268,0.6986754467232233,0.1752124340041991,35,2.0,0.7,T35_C2.0_D0.7,72,失效临界,,,SIM-NCM-25-01,0.6996066795406692,3.382348194521006,3.3868563730372814,49.96167274887965,46.06135521831362,0.9964733247536576,3,198,0,True,True,NCM,21700,4.9,3.6,1.0,15-85,CC-CV,4.2,2.5,70.0,2,False,SIM,Str24;Ver22;Sto19;SIM
260,0.6984339232408452,0.1760977511781383,35,2.0,0.7,T35_C2.0_D0.7,73,失效临界,,,SIM-NCM-25-02,0.6983146652591232,3.4276518669947507,3.4270665935277824,47.34492535000171,53.10526294547154,0.9965921604161366,3,182,0,True,True,NCM,21700,4.9,3.6,1.0,15-85,CC-CV,4.2,2.5,70.0,3,False,SIM,Str24;Ver22;Sto19;SIM
263,0.6987532152377286,0.176921598563449,35,2.0,0.7,T35_C2.0_D0.7,74,失效临界,,,SIM-NCM-25-03,0.6997681813258622,3.1967678130156285,3.2014112419846725,47.30020707995441,51.02959242138572,0.9969624004906994,3,189,0,True,True,NCM,21700,4.9,3.6,1.0,15-85,CC-CV,4.2,2.5,70.0,1,True,SIM,Str24;Ver22;Sto19;SIM
193,0.698757764189065,0.2288009161717286,35,2.0,0.8,T35_C2.0_D0.8,75,失效临界,,,SIM-NCM-26-01,0.6990725144365693,3.455443967158799,3.4570004462415933,47.136157328375134,52.14625503154714,0.9963561838499764,3,139,0,True,True,NCM,21700,4.9,3.6,1.0,10-90,CC-CV,4.2,2.5,70.0,2,False,SIM,Str24;Ver22;Sto19;SIM
185,0.697300030222793,0.2378361596997799,35,2.0,0.8,T35_C2.0_D0.8,76,失效临界,,,SIM-NCM-26-02,0.6986392135214314,3.3449362320869174,3.3513602712994075,47.48036721528064,44.45735903012653,0.996516543379234,3,124,0,True,True,NCM,21700,4.9,3.6,1.0,10-90,CC-CV,4.2,2.5,70.0,3,False,SIM,Str24;Ver22;Sto19;SIM
185,0.7000749492033334,0.2359679224958786,35,2.0,0.8,T35_C2.0_D0.8,77,失效临界,,,SIM-NCM-26-03,0.6986392135214314,3.411230774897225,3.4042349157420086,46.30004820035997,51.58267978302167,0.996779503789479,3,124,0,True,True,NCM,21700,4.9,3.6,1.0,10-90,CC-CV,4.2,2.5,70.0,1,False,SIM,Str24;Ver22;Sto19;SIM
141,0.6981421517100586,0.3007230103365852,35,2.0,0.9,T35_C2.0_D0.9,78,失效临界,,,SIM-NCM-27-01,0.6982108483400298,3.453335731263738,3.4536755367407688,47.708876536511845,51.26372222033542,0.9966245292428756,3,96,0,True,True,NCM,21700,4.9,3.6,1.0,5-95,CC-CV,4.2,2.5,70.0,2,False,SIM,Str24;Ver22;Sto19;SIM
148,0.6981929208694393,0.298739690760911,35,2.0,0.9,T35_C2.0_D0.9,79,失效临界,,,SIM-NCM-27-02,0.6984915824345972,3.4203651767285232,3.4218282846841603,46.48695963624291,48.61582762889017,0.9966432004982976,3,109,0,True,True,NCM,21700,4.9,3.6,1.0,5-95,CC-CV,4.2,2.5,70.0,3,False,SIM,Str24;Ver22;Sto19;SIM
143,0.6992959255205979,0.295370543780432,35,2.0,0.9,T35_C2.0_D0.9,80,失效临界,,,SIM-NCM-27-03,0.6987723165291646,3.487978238579799,3.485366559173424,50.27596578695632,55.62352099666931,0.9968453656139344,3,100,0,True,True,NCM,21700,4.9,3.6,1.0,5-95,CC-CV,4.2,2.5,70.0,1,False,SIM,Str24;Ver22;Sto19;SIM
402,0.7002399108764056,0.1744609360313458,45,0.5,0.7,T45_C0.5_D0.7,81,失效临界,,,SIM-NCM-28-01,0.6995787694886881,3.4719341299232496,3.468656054347912,50.81733068525007,51.44774086116386,0.9966979888301716,3,301,0,True,True,NCM,21700,4.9,3.6,1.0,15-85,CC-CV,4.2,2.5,70.0,2,False,SIM,Str24;Ver22;Sto19;SIM
399,0.6996376138324163,0.1676611274126217,45,0.5,0.7,T45_C0.5_D0.7,82,失效临界,,,SIM-NCM-28-02,0.6999106044266609,3.471031074274851,3.4723854308972992,47.23453751995983,46.46486725194035,0.9969333990321742,3,296,0,True,True,NCM,21700,4.9,3.6,1.0,15-85,CC-CV,4.2,2.5,70.0,3,False,SIM,Str24;Ver22;Sto19;SIM
403,0.7001282429415387,0.1793730190868604,45,0.5,0.7,T45_C0.5_D0.7,83,失效临界,,,SIM-NCM-28-03,0.699689381134679,3.4413737445649315,3.439216586194525,44.92443743944561,51.01708925601506,0.9968884373807868,3,303,0,True,True,NCM,21700,4.9,3.6,1.0,15-85,CC-CV,4.2,2.5,70.0,1,False,SIM,Str24;Ver22;Sto19;SIM
287,0.6991484408333308,0.2341393402708544,45,0.5,0.8,T45_C0.5_D0.8,84,失效临界,,,SIM-NCM-29-01,0.6992283577854456,3.471683382859719,3.472080217549552,46.12067129869647,55.06765591104845,0.99660564601337,3,205,0,True,True,NCM,21700,4.9,3.6,1.0,10-90,CC-CV,4.2,2.5,70.0,2,False,SIM,Str24;Ver22;Sto19;SIM
285,0.6967407742153724,0.2330698639984892,45,0.5,0.8,T45_C0.5_D0.8,85,失效临界,,,SIM-NCM-29-02,0.698931592474923,3.3929009438861075,3.4035695162099864,46.63456170252462,49.3457829265675,0.9967055381373856,3,201,0,True,True,NCM,21700,4.9,3.6,1.0,10-90,CC-CV,4.2,2.5,70.0,3,False,SIM,Str24;Ver22;Sto19;SIM
287,0.6997234443439981,0.2384466561545716,45,0.5,0.8,T45_C0.5_D0.8,86,失效临界,,,SIM-NCM-29-03,0.6992283577854456,3.410605255759759,3.4081920954857905,44.43104879582766,46.75572770096223,0.996686009677116,3,205,0,True,True,NCM,21700,4.9,3.6,1.0,10-90,CC-CV,4.2,2.5,70.0,1,False,SIM,Str24;Ver22;Sto19;SIM
220,0.6971608402800276,0.2919182060722985,45,0.5,0.9,T45_C0.5_D0.9,87,失效临界,,,SIM-NCM-30-01,0.6989002149449909,3.48859452715442,3.4972983621753664,48.48717379146351,50.55659282116032,0.9972764688520084,3,159,0,True,True,NCM,21700,4.9,3.6,1.0,5-95,CC-CV,4.2,2.5,70.0,2,False,SIM,Str24;Ver22;Sto19;SIM
212,0.6969965027636441,0.3035048007968592,45,0.5,0.9,T45_C0.5_D0.9,88,失效临界,,,SIM-NCM-30-02,0.698515668603924,3.4209336584517698,3.4283898874789998,46.56630922175942,44.80428703392573,0.9967041992863666,3,144,0,True,True,NCM,21700,4.9,3.6,1.0,5-95,CC-CV,4.2,2.5,70.0,3,False,SIM,Str24;Ver22;Sto19;SIM
216,0.698438504972858,0.293613440887557,45,0.5,0.9,T45_C0.5_D0.9,89,失效临界,,,SIM-NCM-30-03,0.6992847612860571,3.4589474803868936,3.4631384809137264,48.290142628882855,51.173758951738726,0.99685156030805,3,152,0,True,True,NCM,21700,4.9,3.6,1.0,5-95,CC-CV,4.2,2.5,70.0,1,False,SIM,Str24;Ver22;Sto19;SIM
274,0.6998045440485094,0.1775349426574923,45,1.0,0.7,T45_C1.0_D0.7,90,失效临界,,,SIM-NCM-31-01,0.6994351153441016,3.4556601011716914,3.4538358488931,48.96405986626574,52.112746776446976,0.9969172756234916,3,199,0,True,True,NCM,21700,4.9,3.6,1.0,15-85,CC-CV,4.2,2.5,70.0,2,False,SIM,Str24;Ver22;Sto19;SIM
272,0.6983549202322339,0.1830212307713212,45,1.0,0.7,T45_C1.0_D0.7,91,失效临界,,,SIM-NCM-31-02,0.6991220269225851,3.422029098418089,3.42578802004937,46.50252872921857,48.8326985171992,0.9967571019514858,3,195,0,True,True,NCM,21700,4.9,3.6,1.0,15-85,CC-CV,4.2,2.5,70.0,3,False,SIM,Str24;Ver22;Sto19;SIM
272,0.6987614784535521,0.1718350763721528,45,1.0,0.7,T45_C1.0_D0.7,92,失效临界,,,SIM-NCM-31-03,0.6991220269225851,3.537539157868176,3.53936446502497,44.276403611540935,46.73380078261774,0.9965158423587904,3,195,0,True,True,NCM,21700,4.9,3.6,1.0,15-85,CC-CV,4.2,2.5,70.0,1,False,SIM,Str24;Ver22;Sto19;SIM
190,0.6979090137532084,0.2401089976920423,45,1.0,0.8,T45_C1.0_D0.8,93,失效临界,,,SIM-NCM-32-01,0.6988599999999996,3.4305611410009127,3.4352356994312783,46.16786480283328,51.96845243316303,0.9967270546811128,3,126,0,True,True,NCM,21700,4.9,3.6,1.0,10-90,CC-CV,4.2,2.5,70.0,2,False,SIM,Str24;Ver22;Sto19;SIM
191,0.6985715700156816,0.2279525118240468,45,1.0,0.8,T45_C1.0_D0.8,94,失效临界,,,SIM-NCM-32-02,0.6990699999999996,3.345106472717688,3.347493202207268,53.50563397172494,52.16253266754893,0.9965528837621922,3,128,0,True,True,NCM,21700,4.9,3.6,1.0,10-90,CC-CV,4.2,2.5,70.0,3,False,SIM,Str24;Ver22;Sto19;SIM
203,0.6990668313884616,0.2269163235806663,45,1.0,0.8,T45_C1.0_D0.8,95,失效临界,,,SIM-NCM-32-03,0.6990700000000001,3.4268151768784008,3.4268307093648844,46.03387406805675,51.856588440802895,0.9966792412099934,3,150,0,True,True,NCM,21700,4.9,3.6,1.0,10-90,CC-CV,4.2,2.5,70.0,1,False,SIM,Str24;Ver22;Sto19;SIM
146,0.6971414557568316,0.2894633494126591,45,1.0,0.9,T45_C1.0_D0.9,96,失效临界,,,SIM-NCM-33-01,0.6974064744705855,3.440159205528144,3.4414669839714267,47.18117569378569,53.93217064783454,0.9965596225442044,3,99,0,True,True,NCM,21700,4.9,3.6,1.0,5-95,CC-CV,4.2,2.5,70.0,2,False,SIM,Str24;Ver22;Sto19;SIM
142,0.6995384890289589,0.2823924531424362,45,1.0,0.9,T45_C1.0_D0.9,97,失效临界,,,SIM-NCM-33-02,0.6995834063089266,3.369908560986445,3.370124942398867,48.328566243438765,49.23331498938381,0.99676534971871,3,93,0,True,True,NCM,21700,4.9,3.6,1.0,5-95,CC-CV,4.2,2.5,70.0,3,False,SIM,Str24;Ver22;Sto19;SIM
148,0.6984726089364243,0.3003976803046941,45,1.0,0.9,T45_C1.0_D0.9,98,失效临界,,,SIM-NCM-33-03,0.6979507074301707,3.4118789678604258,3.409329598350872,45.004784909606,48.50246191273631,0.9968044270323132,3,103,0,True,True,NCM,21700,4.9,3.6,1.0,5-95,CC-CV,4.2,2.5,70.0,1,False,SIM,Str24;Ver22;Sto19;SIM
164,0.697844100477747,0.1780204680936246,45,2.0,0.7,T45_C2.0_D0.7,99,失效临界,,,SIM-NCM-34-01,0.6980766626283172,3.435880321478737,3.437025356187948,48.244065613048406,52.372456802415485,0.9969517500100866,3,120,0,True,True,NCM,21700,4.9,3.6,1.0,15-85,CC-CV,4.2,2.5,70.0,2,False,SIM,Str24;Ver22;Sto19;SIM
164,0.6988164397198143,0.1725542832181003,45,2.0,0.7,T45_C2.0_D0.7,100,失效临界,,,SIM-NCM-34-02,0.6996066795406738,3.245715191971506,3.249385531199491,48.90351096323927,49.97940542144484,0.9967608459663906,3,121,0,True,True,NCM,21700,4.9,3.6,1.0,15-85,CC-CV,4.2,2.5,70.0,3,True,SIM,Str24;Ver22;Sto19;SIM
154,0.6986747276364125,0.1772453654276861,45,2.0,0.7,T45_C2.0_D0.7,101,失效临界,,,SIM-NCM-34-03,0.6985866682657689,3.427946435825005,3.427514385267287,41.76362911001862,47.96898878018475,0.996730855552336,3,102,0,True,True,NCM,21700,4.9,3.6,1.0,15-85,CC-CV,4.2,2.5,70.0,1,False,SIM,Str24;Ver22;Sto19;SIM
114,0.6959075806624666,0.2328625376368409,45,2.0,0.8,T45_C2.0_D0.8,102,失效临界,,,SIM-NCM-35-01,0.6969174125165487,3.447027911659841,3.45202989566437,47.87754203021085,47.85761991239706,0.9967019503090976,3,78,0,True,True,NCM,21700,4.9,3.6,1.0,10-90,CC-CV,4.2,2.5,70.0,2,False,SIM,Str24;Ver22;Sto19;SIM
116,0.7015628476798248,0.2408581866038836,45,2.0,0.8,T45_C2.0_D0.8,103,失效临界,,,SIM-NCM-35-02,0.6996540498753161,3.416929698062233,3.4076329858326844,49.05992034482775,50.69799983872166,0.9965488098786188,3,83,0,True,True,NCM,21700,4.9,3.6,1.0,10-90,CC-CV,4.2,2.5,70.0,3,False,SIM,Str24;Ver22;Sto19;SIM
110,0.6972890648908188,0.2454619167041367,45,2.0,0.8,T45_C2.0_D0.8,104,失效临界,,,SIM-NCM-35-03,0.69760157185624,3.515312810523516,3.5168882830129564,46.15030780694868,51.44755005343242,0.9970657570467388,3,71,0,True,True,NCM,21700,4.9,3.6,1.0,10-90,CC-CV,4.2,2.5,70.0,1,False,SIM,Str24;Ver22;Sto19;SIM
82,0.7004519143788718,0.2868990806831435,45,2.0,0.9,T45_C2.0_D0.9,105,失效临界,,,SIM-NCM-36-01,0.6994667640262558,3.412671282990435,3.407871532645286,45.858786968239976,51.04793780288167,0.997081695430702,3,54,0,True,True,NCM,21700,4.9,3.6,1.0,5-95,CC-CV,4.2,2.5,70.0,2,False,SIM,Str24;Ver22;Sto19;SIM
83,0.6953085910769514,0.3004360692234179,45,2.0,0.9,T45_C2.0_D0.9,106,失效临界,,,SIM-NCM-36-02,0.6972504422270395,3.383748283919711,3.3931983836035946,45.425332910850855,49.06447532078465,0.9966957072629244,3,55,0,True,True,NCM,21700,4.9,3.6,1.0,5-95,CC-CV,4.2,2.5,70.0,3,False,SIM,Str24;Ver22;Sto19;SIM
82,0.6994368992849113,0.3041343948866842,45,2.0,0.9,T45_C2.0_D0.9,107,失效临界,,,SIM-NCM-36-03,0.6994667640262558,3.3643703802110347,3.3645140329855665,44.50636346140564,49.85219971816888,0.996828192753795,3,54,0,True,True,NCM,21700,4.9,3.6,1.0,5-95,CC-CV,4.2,2.5,70.0,1,False,SIM,Str24;Ver22;Sto19;SIM
892,0.6990908162582767,0.3829443062301844,23,0.5,0.8,T23_C0.5_D0.8,108,失效临界,,,SIM-LCO-37-01,0.6996735057512397,1.4327290367340455,1.433923210847841,57.12420575364244,49.7639435762761,0.99702791240822,3,640,0,True,True,LCO,18650,2.0,3.7,1.0,10-90,CC-CV,4.2,2.7,70.0,2,False,SIM,L1(NASA);Ver22;Wil20;SIM
916,0.6996365774665172,0.377169717750058,23,0.5,0.8,T23_C0.5_D0.8,109,失效临界,,,SIM-LCO-37-02,0.6999702710617617,1.3924528984504676,1.3931170327008169,59.0846439470077,52.28048491955663,0.9966252639762488,3,685,0,True,True,LCO,18650,2.0,3.7,1.0,10-90,CC-CV,4.2,2.7,70.0,3,False,SIM,L1(NASA);Ver22;Wil20;SIM
895,0.6996086296159562,0.378389889060391,23,0.5,0.8,T23_C0.5_D0.8,110,失效临界,,,SIM-LCO-37-03,0.6995251230959784,1.3476604150855411,1.3474995559614371,56.866829799762485,55.33101084509786,0.9967968847254688,3,645,0,True,True,LCO,18650,2.0,3.7,1.0,10-90,CC-CV,4.2,2.7,70.0,1,False,SIM,L1(NASA);Ver22;Wil20;SIM
640,0.6998454466292786,0.3761923297821793,23,1.0,0.8,T23_C1.0_D0.8,111,失效临界,,,SIM-LCO-38-01,0.6997000000000089,1.3677272377638876,1.367442987409111,55.744931908427,51.85047968583335,0.9966846726273834,3,475,0,True,True,LCO,18650,2.0,3.7,1.0,10-90,CC-CV,4.2,2.7,70.0,2,False,SIM,L1(NASA);Ver22;Wil20;SIM
622,0.6985975869809233,0.3830347017907781,23,1.0,0.8,T23_C1.0_D0.8,112,失效临界,,,SIM-LCO-38-02,0.6997000000000069,1.379605129682782,1.3817821979757452,57.13694668451919,49.741121947140726,0.9966143771142296,3,442,0,True,True,LCO,18650,2.0,3.7,1.0,10-90,CC-CV,4.2,2.7,70.0,3,False,SIM,L1(NASA);Ver22;Wil20;SIM
631,0.6980164389297919,0.3735089864640957,23,1.0,0.8,T23_C1.0_D0.8,113,失效临界,,,SIM-LCO-38-03,0.6994900000000078,1.3998286675353162,1.4027838028507749,56.176662487379495,50.0179167525577,0.9966114501684592,3,458,0,True,True,LCO,18650,2.0,3.7,1.0,10-90,CC-CV,4.2,2.7,70.0,1,False,SIM,L1(NASA);Ver22;Wil20;SIM
371,0.6991356593229071,0.3918356108216893,23,2.0,0.8,T23_C2.0_D0.8,114,失效临界,,,SIM-LCO-39-01,0.6990839170922267,1.387767323696337,1.387664616623631,56.02387835107385,53.25906114317141,0.9965931127528618,3,257,0,True,True,LCO,18650,2.0,3.7,1.0,10-90,CC-CV,4.2,2.7,70.0,2,False,SIM,L1(NASA);Ver22;Wil20;SIM
377,0.6983839210482927,0.3691544585473301,23,2.0,0.8,T23_C2.0_D0.8,115,失效临界,,,SIM-LCO-39-02,0.6990839170922267,1.3538979394799957,1.355254962705994,57.74003872143105,51.85261013310159,0.9966947031026314,3,268,0,True,True,LCO,18650,2.0,3.7,1.0,10-90,CC-CV,4.2,2.7,70.0,3,False,SIM,L1(NASA);Ver22;Wil20;SIM
385,0.6979477265628468,0.3806306609743867,23,2.0,0.8,T23_C2.0_D0.8,116,失效临界,,,SIM-LCO-39-03,0.6999961295451491,1.38795473699242,1.3920282377924829,56.68497833755557,50.71293630967782,0.9968731776882898,3,284,0,True,True,LCO,18650,2.0,3.7,1.0,10-90,CC-CV,4.2,2.7,70.0,1,False,SIM,L1(NASA);Ver22;Wil20;SIM
447,0.7003119295605331,0.3859132017645071,35,0.5,0.8,T35_C0.5_D0.8,117,失效临界,,,SIM-LCO-40-01,0.6993717943522104,1.4082437270221393,1.4063532272979609,58.1507461462041,45.4420038450132,0.9967410874268776,3,303,0,True,True,LCO,18650,2.0,3.7,1.0,10-90,CC-CV,4.2,2.7,70.0,2,False,SIM,L1(NASA);Ver22;Wil20;SIM
480,0.6995124011206485,0.3913347078685437,35,0.5,0.8,T35_C0.5_D0.8,118,失效临界,,,SIM-LCO-40-02,0.6990898673072177,1.391895056647115,1.3910542956752747,59.880941716913455,50.09017601445052,0.9965432020846212,3,363,0,True,True,LCO,18650,2.0,3.7,1.0,10-90,CC-CV,4.2,2.7,70.0,3,False,SIM,L1(NASA);Ver22;Wil20;SIM
466,0.6997841036047461,0.3802302545142441,35,0.5,0.8,T35_C0.5_D0.8,119,失效临界,,,SIM-LCO-40-03,0.699465770033878,1.3873055421355411,1.3866744533113764,59.0696450844807,48.50606078183854,0.9966094317749432,3,338,0,True,True,LCO,18650,2.0,3.7,1.0,10-90,CC-CV,4.2,2.7,70.0,1,False,SIM,L1(NASA);Ver22;Wil20;SIM
320,0.6984650259362313,0.3868104212251178,35,1.0,0.8,T35_C1.0_D0.8,120,失效临界,,,SIM-LCO-41-01,0.6988879999999953,1.3781670177195795,1.3790016033929982,56.31636523430845,57.94513306632344,0.996584981953968,3,226,0,True,True,LCO,18650,2.0,3.7,1.0,10-90,CC-CV,4.2,2.7,70.0,2,False,SIM,L1(NASA);Ver22;Wil20;SIM
314,0.6984808342921288,0.3733264856816916,35,1.0,0.8,T35_C1.0_D0.8,121,失效临界,,,SIM-LCO-41-02,0.6996859999999956,1.3962658406441248,1.3986749714714803,56.75090278541316,50.14554071288634,0.9967725079308506,3,216,0,True,True,LCO,18650,2.0,3.7,1.0,10-90,CC-CV,4.2,2.7,70.0,3,False,SIM,L1(NASA);Ver22;Wil20;SIM
325,0.698400229299897,0.37413078689342,35,1.0,0.8,T35_C1.0_D0.8,122,失效临界,,,SIM-LCO-41-03,0.699552999999995,1.4117392188428433,1.4140694179742106,57.939324012246864,50.892915054638685,0.9966822252499768,3,236,0,True,True,LCO,18650,2.0,3.7,1.0,10-90,CC-CV,4.2,2.7,70.0,1,False,SIM,L1(NASA);Ver22;Wil20;SIM
196,0.6968327141260707,0.3901509290442675,35,2.0,0.8,T35_C2.0_D0.8,123,失效临界,,,SIM-LCO-42-01,0.698422563063862,1.3760744949734618,1.3792140585011283,54.76951587156409,50.33969517512534,0.9969406947808594,3,144,0,True,True,LCO,18650,2.0,3.7,1.0,10-90,CC-CV,4.2,2.7,70.0,2,False,SIM,L1(NASA);Ver22;Wil20;SIM
183,0.6989603041716121,0.3903597691633293,35,2.0,0.8,T35_C2.0_D0.8,124,失效临界,,,SIM-LCO-42-02,0.6995058153517077,1.3677425311025944,1.368810000653806,60.22415443694612,54.297980967268096,0.9966425780537485,3,121,0,True,True,LCO,18650,2.0,3.7,1.0,10-90,CC-CV,4.2,2.7,70.0,3,False,SIM,L1(NASA);Ver22;Wil20;SIM
189,0.6983144894971276,0.3822118487607339,35,2.0,0.8,T35_C2.0_D0.8,125,失效临界,,,SIM-LCO-42-03,0.6982059126062932,1.401862152979072,1.4016441855213746,55.56554164148761,44.50299388307871,0.9965315635811212,3,131,0,True,True,LCO,18650,2.0,3.7,1.0,10-90,CC-CV,4.2,2.7,70.0,1,False,SIM,L1(NASA);Ver22;Wil20;SIM
294,0.6981549819906891,0.3874135210747816,45,0.5,0.8,T45_C0.5_D0.8,126,失效临界,,,SIM-LCO-43-01,0.6984864445091395,1.4217309199035524,1.4224059140286769,54.36681731192207,48.16515133949251,0.9963117975024076,3,217,0,True,True,LCO,18650,2.0,3.7,1.0,10-90,CC-CV,4.2,2.7,70.0,2,False,SIM,L1(NASA);Ver22;Wil20;SIM
291,0.6988856910664116,0.3827371113990365,45,0.5,0.8,T45_C0.5_D0.8,127,失效临界,,,SIM-LCO-43-02,0.6989315924749232,1.3685849569769737,1.3686748428882118,57.63441468077953,48.51413070162798,0.996860958569715,3,212,0,True,True,LCO,18650,2.0,3.7,1.0,10-90,CC-CV,4.2,2.7,70.0,3,False,SIM,L1(NASA);Ver22;Wil20;SIM
278,0.6994100742616427,0.3679724212448275,45,0.5,0.8,T45_C0.5_D0.8,128,失效临界,,,SIM-LCO-43-03,0.6987832098196615,1.386772861188177,1.385529929998344,57.84756896923421,53.48361265580727,0.9969868114994772,3,188,0,True,True,LCO,18650,2.0,3.7,1.0,10-90,CC-CV,4.2,2.7,70.0,1,False,SIM,L1(NASA);Ver22;Wil20;SIM
198,0.6989022959981296,0.3803684408940117,45,1.0,0.8,T45_C1.0_D0.8,129,失效临界,,,SIM-LCO-44-01,0.6980199999999999,1.4134112256219902,1.411626931772595,58.58448584907904,45.35142652031279,0.9968923584615916,3,140,0,True,True,LCO,18650,2.0,3.7,1.0,10-90,CC-CV,4.2,2.7,70.0,2,False,SIM,L1(NASA);Ver22;Wil20;SIM
200,0.6984529940950533,0.3710325864960349,45,1.0,0.8,T45_C1.0_D0.8,130,失效临界,,,SIM-LCO-44-02,0.6997,1.3880118975265578,1.3904900299806888,60.13475723159811,54.329932077193625,0.9971583695864008,3,145,0,True,True,LCO,18650,2.0,3.7,1.0,10-90,CC-CV,4.2,2.7,70.0,3,False,SIM,L1(NASA);Ver22;Wil20;SIM
195,0.6991090791884259,0.3655134099223338,45,1.0,0.8,T45_C1.0_D0.8,131,失效临界,,,SIM-LCO-44-03,0.6986499999999998,1.3611531989893837,1.360259379806487,58.51254742446479,54.15521078739808,0.9967656936434176,3,135,0,True,True,LCO,18650,2.0,3.7,1.0,10-90,CC-CV,4.2,2.7,70.0,1,False,SIM,L1(NASA);Ver22;Wil20;SIM
117,0.6974740333994204,0.3828089688063033,45,2.0,0.8,T45_C2.0_D0.8,132,失效临界,,,SIM-LCO-45-01,0.6979436515260867,1.402439736997879,1.4033840174879229,56.69180766549349,51.26805929296063,0.9963792589416092,3,84,0,True,True,LCO,18650,2.0,3.7,1.0,10-90,CC-CV,4.2,2.7,70.0,2,False,SIM,L1(NASA);Ver22;Wil20;SIM
111,0.7001409189358317,0.3845198966528148,45,2.0,0.8,T45_C2.0_D0.8,133,失效临界,,,SIM-LCO-45-02,0.6979436515260861,1.4048303625732934,1.4004215530202178,58.360392315756485,51.281555164365095,0.9966369487394487,3,73,0,True,True,LCO,18650,2.0,3.7,1.0,10-90,CC-CV,4.2,2.7,70.0,3,False,SIM,L1(NASA);Ver22;Wil20;SIM
117,0.6978027645264048,0.3884715578376117,45,2.0,0.8,T45_C2.0_D0.8,134,失效临界,,,SIM-LCO-45-03,0.6979436515260867,1.413004721837507,1.4132900087493914,57.91777093676526,56.699766353281554,0.996592397884983,3,84,0,True,True,LCO,18650,2.0,3.7,1.0,10-90,CC-CV,4.2,2.7,70.0,1,False,SIM,L1(NASA);Ver22;Wil20;SIM
629,0.6995855073007033,0.0398857380998793,23,1.0,0.8,T23_C1.0_D0.8,135,失效临界,,,SIM-LFP-46-01,0.6997700000000077,0.7811596201500375,0.7813656253422622,27.615663320565822,50.05830651533447,0.9976193259239255,3,455,0,True,True,LFP,18650,1.1,3.3,4.0,10-90,Fast2step_2C-1C,3.6,2.0,70.0,2,False,SIM,Sev19(MIT);Ver22;SIM
649,0.7003484920335256,0.0402812380636519,23,1.0,0.8,T23_C1.0_D0.8,136,失效临界,,,SIM-LFP-46-02,0.6999100000000099,0.7531603146971356,0.7526887568916838,31.9979422051078,47.39135069477852,0.99795615847315,3,492,0,True,True,LFP,18650,1.1,3.3,4.0,10-90,Fast2step_2C-1C,3.6,2.0,70.0,3,False,SIM,Sev19(MIT);Ver22;SIM
620,0.7004033537470787,0.0391820180396866,23,1.0,0.8,T23_C1.0_D0.8,137,失效临界,,,SIM-LFP-46-03,0.6995600000000066,0.7600071242235527,0.7590920017407913,32.23406619171067,48.39151627311162,0.9973118781413436,3,438,0,True,True,LFP,18650,1.1,3.3,4.0,10-90,Fast2step_2C-1C,3.6,2.0,70.0,1,False,SIM,Sev19(MIT);Ver22;SIM
391,0.7003725248119281,0.038387459617402,23,2.0,0.8,T23_C2.0_D0.8,138,失效临界,,,SIM-LFP-47-01,0.6999961295451491,0.7594516782773403,0.7590435326021117,32.21446509078578,50.41649865580973,0.9980289012684662,3,295,0,True,True,LFP,18650,1.1,3.3,4.0,10-90,Fast2step_4C-2C,3.6,2.0,70.0,2,False,SIM,Sev19(MIT);Ver22;SIM
385,0.6985742655013478,0.0391782122401296,23,2.0,0.8,T23_C2.0_D0.8,139,失效临界,,,SIM-LFP-47-02,0.6999961295451491,0.7613152418638773,0.7628648076321315,32.68592040683032,49.27172093701133,0.9978949250793996,3,284,0,True,True,LFP,18650,1.1,3.3,4.0,10-90,Fast2step_4C-2C,3.6,2.0,70.0,3,False,SIM,Sev19(MIT);Ver22;SIM
379,0.6989876816630337,0.041068154446279,23,2.0,0.8,T23_C2.0_D0.8,140,失效临界,,,SIM-LFP-47-03,0.6993119702054573,0.7586058761362722,0.7589578239606758,30.72516237674535,53.79815024277528,0.997554194010251,3,272,0,True,True,LFP,18650,1.1,3.3,4.0,10-90,Fast2step_4C-2C,3.6,2.0,70.0,1,False,SIM,Sev19(MIT);Ver22;SIM
260,0.6990700760976696,0.0405361030158096,23,3.0,0.8,T23_C3.0_D0.8,141,失效临界,,,SIM-LFP-48-01,0.6984250139902728,0.7788215289835675,0.7781028767712219,30.024327839367253,50.45937446264645,0.9976003512161922,3,180,0,True,True,LFP,18650,1.1,3.3,4.0,10-90,Fast2step_6C-3C,3.6,2.0,70.0,2,False,SIM,Sev19(MIT);Ver22;SIM
273,0.6991229975562159,0.0390607873971144,23,3.0,0.8,T23_C3.0_D0.8,142,失效临界,,,SIM-LFP-48-02,0.6985854262168723,0.7416660156748054,0.7410957320554915,29.03347266643401,50.073077775814376,0.997843338433189,3,204,0,True,True,LFP,18650,1.1,3.3,4.0,10-90,Fast2step_6C-3C,3.6,2.0,70.0,3,False,SIM,Sev19(MIT);Ver22;SIM
265,0.6985294171354841,0.0395252335337602,23,3.0,0.8,T23_C3.0_D0.8,143,失效临界,,,SIM-LFP-48-03,0.6982646017636713,0.7445517542420866,0.7442694916132027,29.39671797604991,51.419396864196734,0.997484437205438,3,189,0,True,True,LFP,18650,1.1,3.3,4.0,10-90,Fast2step_6C-3C,3.6,2.0,70.0,1,False,SIM,Sev19(MIT);Ver22;SIM
321,0.7002454063591796,0.0401214030407765,35,1.0,0.8,T35_C1.0_D0.8,144,失效临界,,,SIM-LFP-49-01,0.6990209999999952,0.7872042535473226,0.785827796257825,30.43235745347292,50.85142797451409,0.997807087499334,3,228,0,True,True,LFP,18650,1.1,3.3,4.0,10-90,Fast2step_2C-1C,3.6,2.0,70.0,2,False,SIM,Sev19(MIT);Ver22;SIM
324,0.6983587958708275,0.0400133920215908,35,1.0,0.8,T35_C1.0_D0.8,145,失效临界,,,SIM-LFP-49-02,0.6986219999999951,0.76194610513006,0.7622332746513135,32.469209679110925,49.09134502305036,0.9970937441163004,3,233,0,True,True,LFP,18650,1.1,3.3,4.0,10-90,Fast2step_2C-1C,3.6,2.0,70.0,3,False,SIM,Sev19(MIT);Ver22;SIM
312,0.6978248636551718,0.0399099908123816,35,1.0,0.8,T35_C1.0_D0.8,146,失效临界,,,SIM-LFP-49-03,0.6986219999999957,0.7558764079334487,0.7567398574726392,35.06943056859064,50.67424910872175,0.9974075161543036,3,211,0,True,True,LFP,18650,1.1,3.3,4.0,10-90,Fast2step_2C-1C,3.6,2.0,70.0,1,False,SIM,Sev19(MIT);Ver22;SIM
194,0.6990643095245199,0.0397925842276059,35,2.0,0.8,T35_C2.0_D0.8,147,失效临界,,,SIM-LFP-50-01,0.6992891648941383,0.7307106963497536,0.7309457308401048,30.994675821878563,52.86331280248049,0.997571355072117,3,141,0,True,True,LFP,18650,1.1,3.3,4.0,10-90,Fast2step_4C-2C,3.6,2.0,70.0,2,True,SIM,Sev19(MIT);Ver22;SIM
188,0.6962934681402598,0.0402576376178352,35,2.0,0.8,T35_C2.0_D0.8,148,失效临界,,,SIM-LFP-50-02,0.6979892621487241,0.7463014851106876,0.7481190715808566,28.34749302281689,51.414542347600985,0.9978640304466808,3,129,0,True,True,LFP,18650,1.1,3.3,4.0,10-90,Fast2step_4C-2C,3.6,2.0,70.0,3,False,SIM,Sev19(MIT);Ver22;SIM
186,0.6985714976451339,0.0395815824010502,35,2.0,0.8,T35_C2.0_D0.8,149,失效临界,,,SIM-LFP-50-03,0.6988558639790005,0.7698264517174641,0.7701398236865844,31.941701759053498,50.32158591921814,0.9978293177307918,3,126,0,True,True,LFP,18650,1.1,3.3,4.0,10-90,Fast2step_4C-2C,3.6,2.0,70.0,1,False,SIM,Sev19(MIT);Ver22;SIM
134,0.6991242380577907,0.0399541311291158,35,3.0,0.8,T35_C3.0_D0.8,150,失效临界,,,SIM-LFP-51-01,0.6976550353025914,0.7936834697033726,0.7920155516467998,32.858922271923504,47.522006123313886,0.9980414976849936,3,97,0,True,True,LFP,18650,1.1,3.3,4.0,10-90,Fast2step_6C-3C,3.6,2.0,70.0,2,False,SIM,Sev19(MIT);Ver22;SIM
129,0.6971654662029443,0.0405012063098665,35,3.0,0.8,T35_C3.0_D0.8,151,失效临界,,,SIM-LFP-51-02,0.6979598185331337,0.7640720097887416,0.7649425956264392,29.64471388763184,54.67609502774096,0.997479878665128,3,88,0,True,True,LFP,18650,1.1,3.3,4.0,10-90,Fast2step_6C-3C,3.6,2.0,70.0,3,False,SIM,Sev19(MIT);Ver22;SIM
125,0.6958783605277725,0.0403260530364013,35,3.0,0.8,T35_C3.0_D0.8,152,失效临界,,,SIM-LFP-51-03,0.6967406856109672,0.7585649412581436,0.7595049468872638,32.27203437051423,57.51914853332708,0.9977966817787178,3,80,0,True,True,LFP,18650,1.1,3.3,4.0,10-90,Fast2step_6C-3C,3.6,2.0,70.0,1,False,SIM,Sev19(MIT);Ver22;SIM
